{"nextId":2,"logins":[{"id":1,"hostname":"https://pastebin.com","httpRealm":null,"formSubmitURL":"https://pastebin.com","usernameField":"","passwordField":"PostPasswordVerificationForm[password]","encryptedUsername":"MEMEEPgAAAAAAAAAAAAAAAAAAAEwHQYJYIZIAWUDBAEqBBDtqgYNRLgpDJIKGOWaxDbbBBB8YMdac6VwamlUIYbQZByT","encryptedPassword":"MEMEEPgAAAAAAAAAAAAAAAAAAAEwHQYJYIZIAWUDBAEqBBD9R8fODITezoD9lfDpZJP7BBDMwsAOokyyVMDrMd/C2qHJ","guid":"{b519a2d7-e549-4199-9208-3733ea3a66d1}","encType":1,"timeCreated":1765389126819,"timeLastUsed":1765389461229,"timePasswordChanged":1765389126819,"timesUsed":2,"syncCounter":1,"everSynced":false,"encryptedUnknownFields":null}],"potentiallyVulnerablePasswords":[],"dismissedBreachAlertsByLoginGUID":{},"version":3}